{
  "Ansi 7 Color (Light)" : {
    "Green Component" : 0.63529411759999999,
    "Blue Component" : 0.69803921570000005,
    "Red Component" : 0.60784313729999995
  },
  "Brighten Bold Text (Light)" : true,
  "Ansi 15 Color (Light)" : {
    "Green Component" : 0.63529413938522339,
    "Blue Component" : 0.69803923368453979,
    "Red Component" : 0.60784316062927246
  },
  "Ansi 2 Color (Light)" : {
    "Green Component" : 0.73333334922790527,
    "Blue Component" : 0.38431373238563538,
    "Red Component" : 0.52549022436141968
  },
  "Bold Color" : {
    "Red Component" : 0.99999600648880005,
    "Color Space" : "sRGB",
    "Blue Component" : 1,
    "Alpha Component" : 1,
    "Green Component" : 1
  },
  "Ansi 1 Color (Dark)" : {
    "Green Component" : 0.32549020648002625,
    "Blue Component" : 0.37647059559822083,
    "Red Component" : 0.85098040103912354
  },
  "Use Bright Bold" : true,
  "Ansi 9 Color (Light)" : {
    "Green Component" : 0.32549020648002625,
    "Blue Component" : 0.37647059559822083,
    "Red Component" : 0.85098040103912354
  },
  "Ansi 8 Color (Dark)" : {
    "Green Component" : 0.12941177189350128,
    "Blue Component" : 0.15294118225574493,
    "Red Component" : 0.11764705926179886
  },
  "Use Bright Bold (Dark)" : true,
  "Background Color" : {
    "Red Component" : 0.0806884765625,
    "Color Space" : "sRGB",
    "Blue Component" : 0.12103271484375,
    "Alpha Component" : 1,
    "Green Component" : 0.099111050367355347
  },
  "Ansi 8 Color" : {
    "Red Component" : 0.40781760215759277,
    "Color Space" : "sRGB",
    "Blue Component" : 0.4078223705291748,
    "Alpha Component" : 1,
    "Green Component" : 0.40782788395881653
  },
  "Columns" : 132,
  "Right Option Key Sends" : 0,
  "Ansi 4 Color (Light)" : {
    "Green Component" : 0.61176472902297974,
    "Blue Component" : 0.93333333730697632,
    "Red Component" : 0.30196079611778259
  },
  "Blinking Cursor" : false,
  "Selected Text Color (Light)" : {
    "Green Component" : 0.63529413938522339,
    "Blue Component" : 0.69803923368453979,
    "Red Component" : 0.60784316062927246
  },
  "Selected Text Color (Dark)" : {
    "Green Component" : 0.63529413938522339,
    "Blue Component" : 0.69803923368453979,
    "Red Component" : 0.60784316062927246
  },
  "Ansi 3 Color (Dark)" : {
    "Green Component" : 0.5372549295425415,
    "Blue Component" : 0.30980393290519714,
    "Red Component" : 0.78039216995239258
  },
  "Keyboard Map" : {
    "0xf700-0x260000" : {
      "Text" : "[1;6A",
      "Action" : 10
    },
    "0x37-0x40000" : {
      "Text" : "0x1f",
      "Action" : 11
    },
    "0x32-0x40000" : {
      "Text" : "0x00",
      "Action" : 11
    },
    "0xf709-0x20000" : {
      "Text" : "[17;2~",
      "Action" : 10
    },
    "0xf70c-0x20000" : {
      "Text" : "[20;2~",
      "Action" : 10
    },
    "0xf729-0x20000" : {
      "Text" : "[1;2H",
      "Action" : 10
    },
    "0xf72b-0x40000" : {
      "Text" : "[1;5F",
      "Action" : 10
    },
    "0xf705-0x20000" : {
      "Text" : "[1;2Q",
      "Action" : 10
    },
    "0xf703-0x260000" : {
      "Text" : "[1;6C",
      "Action" : 10
    },
    "0xf700-0x220000" : {
      "Text" : "[1;2A",
      "Action" : 10
    },
    "0xf701-0x280000" : {
      "Text" : "0x1b 0x1b 0x5b 0x42",
      "Action" : 11
    },
    "0x38-0x40000" : {
      "Text" : "0x7f",
      "Action" : 11
    },
    "0x33-0x40000" : {
      "Text" : "0x1b",
      "Action" : 11
    },
    "0x7f-0x100000-0x33" : {
      "Label" : "",
      "Action" : 11,
      "Text" : "0x15"
    },
    "0xf703-0x220000" : {
      "Text" : "[1;2C",
      "Action" : 10
    },
    "0x7f-0x80000-0x33" : {
      "Version" : 1,
      "Action" : 11,
      "Text" : "0x17",
      "Label" : ""
    },
    "0xf701-0x240000" : {
      "Text" : "[1;5B",
      "Action" : 10
    },
    "0xf703-0x280000-0x0" : {
      "Label" : "",
      "Action" : 10,
      "Text" : "f"
    },
    "0xf70d-0x20000" : {
      "Text" : "[21;2~",
      "Action" : 10
    },
    "0xf702-0x260000" : {
      "Text" : "[1;6D",
      "Action" : 10
    },
    "0xf729-0x40000" : {
      "Text" : "[1;5H",
      "Action" : 10
    },
    "0xf706-0x20000" : {
      "Text" : "[1;2R",
      "Action" : 10
    },
    "0x34-0x40000" : {
      "Text" : "0x1c",
      "Action" : 11
    },
    "0xf700-0x280000" : {
      "Text" : "0x1b 0x1b 0x5b 0x41",
      "Action" : 11
    },
    "0x2d-0x40000" : {
      "Text" : "0x1f",
      "Action" : 11
    },
    "0xf70e-0x20000" : {
      "Text" : "[23;2~",
      "Action" : 10
    },
    "0xf702-0x220000" : {
      "Text" : "[1;2D",
      "Action" : 10
    },
    "0xf700-0x240000" : {
      "Text" : "[1;5A",
      "Action" : 10
    },
    "0xf707-0x20000" : {
      "Text" : "[1;2S",
      "Action" : 10
    },
    "0xf70a-0x20000" : {
      "Text" : "[18;2~",
      "Action" : 10
    },
    "0x35-0x40000" : {
      "Text" : "0x1d",
      "Action" : 11
    },
    "0xf70f-0x20000" : {
      "Text" : "[24;2~",
      "Action" : 10
    },
    "0xf703-0x240000" : {
      "Text" : "[1;5C",
      "Action" : 10
    },
    "0xf701-0x260000" : {
      "Text" : "[1;6B",
      "Action" : 10
    },
    "0xf72b-0x20000" : {
      "Text" : "[1;2F",
      "Action" : 10
    },
    "0x36-0x40000" : {
      "Text" : "0x1e",
      "Action" : 11
    },
    "0xf708-0x20000" : {
      "Text" : "[15;2~",
      "Action" : 10
    },
    "0xf701-0x220000" : {
      "Text" : "[1;2B",
      "Action" : 10
    },
    "0xf70b-0x20000" : {
      "Text" : "[19;2~",
      "Action" : 10
    },
    "0xf702-0x280000-0x0" : {
      "Label" : "",
      "Action" : 10,
      "Text" : "b"
    },
    "0xf702-0x240000" : {
      "Text" : "[1;5D",
      "Action" : 10
    },
    "0xf704-0x20000" : {
      "Text" : "[1;2P",
      "Action" : 10
    }
  },
  "Visual Bell" : true,
  "Cursor Text Color" : {
    "Red Component" : 0,
    "Color Space" : "sRGB",
    "Blue Component" : 0,
    "Alpha Component" : 1,
    "Green Component" : 0
  },
  "Scrollback Lines" : 1000,
  "Selection Color (Light)" : {
    "Green Component" : 0.20392157137393951,
    "Blue Component" : 0.25098040699958801,
    "Red Component" : 0.18431372940540314
  },
  "Ansi 0 Color" : {
    "Red Component" : 0.078431375324726105,
    "Color Space" : "sRGB",
    "Blue Component" : 0.11764705926179886,
    "Alpha Component" : 1,
    "Green Component" : 0.098039217293262482
  },
  "Match Background Color (Dark)" : {
    "Red Component" : 1,
    "Color Space" : "P3",
    "Blue Component" : 0,
    "Alpha Component" : 1,
    "Green Component" : 1
  },
  "Ansi 11 Color (Light)" : {
    "Green Component" : 0.5372549295425415,
    "Blue Component" : 0.30980393290519714,
    "Red Component" : 0.78039216995239258
  },
  "Ansi 5 Color (Dark)" : {
    "Green Component" : 0.3490196168422699,
    "Blue Component" : 0.84705883264541626,
    "Red Component" : 0.72549021244049072
  },
  "Cursor Text Color (Light)" : {
    "Green Component" : 1,
    "Blue Component" : 1,
    "Red Component" : 1
  },
  "Silence Bell" : false,
  "Rows" : 43,
  "Draw Powerline Glyphs" : true,
  "Guid" : "59D2CA68-2DE2-45BB-8AC4-918A120E7CA8",
  "Ansi 14 Color (Dark)" : {
    "Green Component" : 0.65882354974746704,
    "Blue Component" : 0.7137255072593689,
    "Red Component" : 0.26666668057441711
  },
  "Use Cursor Guide (Dark)" : false,
  "Ansi 15 Color (Dark)" : {
    "Green Component" : 0.63529413938522339,
    "Blue Component" : 0.69803923368453979,
    "Red Component" : 0.60784316062927246
  },
  "Ansi 0 Color (Dark)" : {
    "Green Component" : 0.12941177189350128,
    "Blue Component" : 0.15294118225574493,
    "Red Component" : 0.11764705926179886
  },
  "Ambiguous Double Width" : false,
  "Option Key Sends" : 2,
  "Ansi 3 Color" : {
    "Red Component" : 0.78058648109436035,
    "Color Space" : "sRGB",
    "Blue Component" : 0,
    "Alpha Component" : 1,
    "Green Component" : 0.76959484815597534
  },
  "Window Type" : 0,
  "Smart Cursor Color (Dark)" : false,
  "BM Growl" : true,